Industry,Country,Year_Founded,Funding,Continent,Valuation
Artificial intelligence,China,2012,8000,Asia,180000
Other,United States,2002,7000,North America,100000
E-commerce & direct-to-consumer,China,2008,2000,Asia,100000
Fintech,United States,2010,2000,North America,95000
Fintech,Sweden,2005,4000,Europe,46000
Internet software & services,Australia,2012,572,Oceania,40000
Fintech,United Kingdom,2012,2000,Europe,40000
"Supply chain, logistics, & delivery",United States,2012,3000,North America,39000
Consumer & retail,United States,2015,14000,North America,38000
Data management & analytics,United States,2013,3000,North America,38000
Fintech,United Kingdom,2015,2000,Europe,33000
Other,United States,1991,7000,North America,32000
E-commerce & direct-to-consumer,United States,2002,4000,North America,27000
Fintech,United States,2013,2000,North America,25000
Edtech,India,2008,4000,Asia,22000
"Supply chain, logistics, & delivery",Indonesia,2015,5000,Asia,20000
E-commerce & direct-to-consumer,China,2013,918,Asia,20000
Internet software & services,United States,2011,476,North America,18000
Edtech,China,2012,4000,Asia,17000
Fintech,United Kingdom,2016,770,Europe,15000
Internet software & services,United States,2012,979,North America,15000
Consumer & retail,China,2016,721,Asia,15000
E-commerce & direct-to-consumer,United States,2013,3000,North America,15000
Fintech,United Kingdom,2011,490,Europe,14000
Fintech,United States,2012,734,North America,13000
Health,United States,2017,2000,North America,13000
E-commerce & direct-to-consumer,United States,2017,427,North America,13000
Internet software & services,United States,2009,400,North America,13000
Artificial intelligence,United States,2016,4000,North America,12000
Other,Sweden,2016,4000,Europe,12000
Artificial intelligence,United States,2017,1000,North America,12000
Internet software & services,United States,2013,1000,North America,12000
Fintech,United States,2017,1000,North America,12000
E-commerce & direct-to-consumer,Turkey,2015,2000,Europe,12000
Health,United States,2008,799,North America,12000
Hardware,China,2015,765,Asia,12000
Internet software & services,United States,2003,800,North America,12000
E-commerce & direct-to-consumer,China,2009,5000,Asia,12000
Auto & transportation,China,2013,376,Asia,11000
Auto & transportation,Estonia,2013,1000,Europe,11000
"Supply chain, logistics, & delivery",India,2014,5000,Asia,11000
Consumer & retail,China,1999,558,Asia,11000
Hardware,United Kingdom,1998,5000,Europe,11000
Fintech,United States,2014,1000,North America,11000
Data management & analytics,Germany,2011,1000,Europe,11000
Edtech,China,2014,3000,Asia,10000
Fintech,United States,2012,294,North America,10000
Travel,India,2012,3000,Asia,10000
Internet software & services,United States,2001,572,North America,10000
Internet software & services,United States,2012,1000,North America,10000
Fintech,United States,2017,564,North America,10000
E-commerce & direct-to-consumer,China,2015,4000,Asia,10000
Fintech,United States,2015,1000,North America,10000
Internet software & services,United States,2012,333,North America,10000
Fintech,United States,2011,691,North America,10000
"Supply chain, logistics, & delivery",Hong Kong,2013,2000,Asia,10000
Internet software & services,United States,2016,343,North America,10000
Internet software & services,United States,2005,1000,North America,10000
Internet software & services,United States,2011,497,North America,10000
Other,United States,2018,2000,North America,10000
Fintech,South Korea,2012,71,Asia,9000
Travel,South Korea,2005,2000,Asia,9000
Artificial intelligence,United States,2016,1000,North America,9000
Auto & transportation,United States,2016,2000,North America,9000
Cybersecurity,United States,2015,1000,North America,9000
E-commerce & direct-to-consumer,Mexico,2016,2000,North America,9000
Fintech,Germany,2013,2000,Europe,9000
Internet software & services,United States,2012,679,North America,9000
Mobile & telecommunications,United States,2015,770,North America,9000
Cybersecurity,United States,2007,775,North America,9000
Internet software & services,India,2007,2000,Asia,8000
Hardware,China,2006,105,Asia,8000
Cybersecurity,United States,2012,1000,North America,8000
Fintech,India,2013,742,Asia,8000
Fintech,Canada,2018,607,North America,8000
Cybersecurity,United States,2015,2000,North America,8000
Fintech,United States,2010,549,North America,8000
Internet software & services,United Kingdom,2019,1000,Europe,8000
Health,United States,1996,1000,North America,8000
Fintech,United States,2019,660,North America,8000
Health,United States,2015,820,North America,8000
Fintech,United States,2018,1000,North America,8000
"Supply chain, logistics, & delivery",United States,2013,2000,North America,8000
Fintech,India,1998,297,Asia,7000
Mobile & telecommunications,China,2014,1000,Asia,7000
Consumer & retail,United States,2011,2000,North America,7000
Fintech,India,2018,922,Asia,7000
Mobile & telecommunications,United States,2016,863,North America,7000
Auto & transportation,India,2010,4000,Asia,7000
Internet software & services,United States,2017,447,North America,7000
Fintech,United States,2012,1000,North America,7000
Fintech,South Korea,2013,844,Asia,7000
E-commerce & direct-to-consumer,China,2011,2000,Asia,7000
Artificial intelligence,United States,2018,603,North America,7000
Artificial intelligence,United States,2015,583,North America,7000
Travel,United States,2015,912,North America,7000
Cybersecurity,Canada,2005,920,North America,7000
Artificial intelligence,United States,2003,849,North America,7000
Fintech,United States,2015,424,North America,7000
Fintech,United States,2014,660,North America,7000
Health,United States,2017,1000,North America,7000
Other,United States,2020,645,North America,6000
Consumer & retail,China,1999,2000,Asia,6000
Health,China,2010,1000,Asia,6000
Auto & transportation,China,2018,3000,Asia,6000
Fintech,Australia,2015,802,Oceania,6000
Fintech,United States,2018,629,North America,6000
Fintech,Netherlands,2011,448,Europe,6000
Fintech,Netherlands,2004,928,Europe,6000
Health,France,2013,815,Europe,6000
Data management & analytics,United States,2012,728,North America,6000
Internet software & services,United States,2014,433,North America,6000
E-commerce & direct-to-consumer,France,2014,1000,Europe,6000
Health,United States,2017,891,North America,6000
Artificial intelligence,United States,2012,1000,North America,6000
Internet software & services,Germany,2015,524,Europe,6000
"Supply chain, logistics, & delivery",Finland,2005,803,Europe,6000
Internet software & services,United States,1994,1000,North America,6000
Internet software & services,United States,2013,415,North America,6000
Fintech,United States,2016,587,North America,6000
E-commerce & direct-to-consumer,China,2001,1000,Asia,6000
Health,United States,2015,826,North America,6000
Health,United States,2015,910,North America,6000
Internet software & services,United States,2012,412,North America,6000
Fintech,United States,2018,405,North America,6000
Fintech,United States,2013,729,North America,6000
Cybersecurity,Israel,2020,600,Asia,6000
Internet software & services,India,2007,869,Asia,5000
Other,United Kingdom,1994,187,Europe,5000
Internet software & services,India,2015,1000,Asia,5000
Hardware,China,2003,943,Asia,5000
Artificial intelligence,China,2015,514,Asia,5000
Hardware,China,2012,492,Asia,5000
Fintech,United Kingdom,2015,1000,Europe,5000
Cybersecurity,United States,2012,644,North America,5000
Edtech,China,2013,1000,Asia,5000
E-commerce & direct-to-consumer,Lithuania,2008,562,Europe,5000
Fintech,United Kingdom,2014,286,Europe,5000
Hardware,China,2012,943,Asia,5000
Artificial intelligence,United States,2017,691,North America,5000
Internet software & services,United States,2014,559,North America,5000
Health,United States,2013,497,North America,5000
Internet software & services,United States,2013,647,North America,5000
Internet software & services,United States,2013,567,North America,5000
Fintech,Denmark,2015,428,Europe,5000
Fintech,Germany,2015,996,Europe,5000
Hardware,China,2008,1000,Asia,5000
Data management & analytics,Belgium,2008,596,Europe,5000
"Supply chain, logistics, & delivery",Colombia,2015,2000,South America,5000
Artificial intelligence,United States,2013,426,North America,5000
Health,United States,2020,462,North America,5000
Fintech,Brazil,2012,824,South America,5000
Internet software & services,United States,2016,926,North America,5000
E-commerce & direct-to-consumer,Brazil,2012,755,South America,5000
Fintech,Brazil,2018,2000,South America,5000
Data management & analytics,United States,2015,633,North America,5000
Travel,Canada,2007,599,North America,5000
Artificial intelligence,United States,2009,371,North America,5000
Mobile & telecommunications,Israel,2011,425,Asia,5000
E-commerce & direct-to-consumer,India,2015,734,Asia,5000
Auto & transportation,India,2019,761,Asia,5000
Fintech,India,1998,903,Asia,5000
Fintech,France,2016,704,Europe,5000
Data management & analytics,United States,2017,1000,North America,5000
Health,China,2011,503,Asia,5000
Auto & transportation,China,2015,4000,Asia,5000
Fintech,United Kingdom,2010,655,Europe,5000
Health,China,2019,1000,Asia,4000
Fintech,United Kingdom,2011,2000,Europe,4000
Health,United States,2012,1000,North America,4000
Mobile & telecommunications,South Korea,2012,216,Asia,4000
Internet software & services,United States,2018,128,North America,4000
E-commerce & direct-to-consumer,India,2008,776,Asia,4000
Fintech,United States,2011,119,North America,4000
Artificial intelligence,China,2015,2000,Asia,4000
Fintech,United States,2019,555,North America,4000
Fintech,United States,2017,864,North America,4000
Fintech,United States,2011,468,North America,4000
Cybersecurity,United States,2017,505,North America,4000
Internet software & services,United States,2017,542,North America,4000
Hardware,United States,2017,381,North America,4000
Internet software & services,United States,2014,434,North America,4000
Internet software & services,United States,2013,643,North America,4000
Artificial intelligence,United States,2014,1000,North America,4000
E-commerce & direct-to-consumer,France,2011,948,Europe,4000
Internet software & services,United States,2016,294,North America,4000
Internet software & services,United States,2016,435,North America,4000
Health,Germany,1919,0,Europe,4000
Internet software & services,United States,2011,489,North America,4000
Auto & transportation,China,2017,1000,Asia,4000
Data management & analytics,United States,2017,352,North America,4000
Edtech,United States,2006,477,North America,4000
Internet software & services,United States,2001,125,North America,4000
E-commerce & direct-to-consumer,United States,2012,404,North America,4000
Cybersecurity,United States,2012,498,North America,4000
E-commerce & direct-to-consumer,United States,2015,493,North America,4000
Health,United States,2006,657,North America,4000
Internet software & services,United States,2016,440,North America,4000
Other,United States,2017,792,North America,4000
Internet software & services,India,2015,1000,Asia,4000
E-commerce & direct-to-consumer,France,2019,739,Europe,4000
Data management & analytics,United States,2016,263,North America,4000
Edtech,United States,2015,2000,North America,4000
E-commerce & direct-to-consumer,United States,2017,603,North America,4000
Fintech,United States,2018,324,North America,4000
Internet software & services,United States,2015,379,North America,4000
Fintech,United States,2014,367,North America,4000
Data management & analytics,United States,2016,414,North America,4000
Internet software & services,United States,2012,350,North America,4000
Health,United States,1995,1000,North America,4000
Other,United States,2016,1000,North America,4000
E-commerce & direct-to-consumer,United States,2016,495,North America,4000
Internet software & services,United States,2012,664,North America,4000
Fintech,Austria,2014,546,Europe,4000
Artificial intelligence,United States,2009,1000,North America,4000
"Supply chain, logistics, & delivery",United States,2015,864,North America,4000
Health,China,2014,761,Asia,4000
Auto & transportation,China,2014,2000,Asia,4000
Internet software & services,United States,2013,523,North America,4000
Mobile & telecommunications,United States,2014,667,North America,4000
Internet software & services,Ireland,2011,250,Europe,4000
Hardware,United States,2016,720,North America,4000
Internet software & services,United States,2017,535,North America,4000
Mobile & telecommunications,United States,2020,110,North America,4000
Other,United States,2014,870,North America,4000
E-commerce & direct-to-consumer,United States,2008,614,North America,4000
Artificial intelligence,China,2011,1000,Asia,4000
Fintech,United States,2018,504,North America,4000
Fintech,United States,2016,881,North America,4000
Internet software & services,United States,2012,856,North America,4000
Internet software & services,United States,2013,413,North America,4000
Internet software & services,Canada,2000,230,North America,4000
Data management & analytics,United States,2014,553,North America,4000
E-commerce & direct-to-consumer,United States,2015,445,North America,4000
Internet software & services,United States,2012,335,North America,4000
Fintech,United States,2021,450,North America,4000
Internet software & services,United States,2011,1,North America,4000
Other,China,2006,154,Asia,3000
"Supply chain, logistics, & delivery",South Korea,2014,770,Asia,3000
Artificial intelligence,United States,2015,1000,North America,3000
Fintech,India,2010,54,Asia,3000
Other,United Arab Emirates,2004,418,Asia,3000
Mobile & telecommunications,China,2011,775,Asia,3000
Internet software & services,United States,2005,859,North America,3000
Fintech,United Kingdom,2015,1000,Europe,3000
Fintech,United States,2019,125,North America,3000
"Supply chain, logistics, & delivery",China,2015,1000,Asia,3000
Mobile & telecommunications,Netherlands,2011,1000,Europe,3000
Data management & analytics,United States,2013,660,North America,3000
Cybersecurity,United States,2012,714,North America,3000
Other,United States,2012,225,North America,3000
Cybersecurity,Switzerland,2003,408,Europe,3000
Cybersecurity,United States,2019,500,North America,3000
Auto & transportation,China,2016,1000,Asia,3000
Cybersecurity,Israel,2015,532,Asia,3000
Fintech,India,2016,531,Asia,3000
E-commerce & direct-to-consumer,United States,2014,582,North America,3000
Internet software & services,India,2006,75,Asia,3000
Edtech,Austria,2017,685,Europe,3000
Fintech,Australia,2018,280,Oceania,3000
E-commerce & direct-to-consumer,India,2016,274,Asia,3000
Internet software & services,United States,2017,314,North America,3000
Hardware,United States,2015,366,North America,3000
Health,United States,2016,465,North America,3000
Cybersecurity,United States,2013,730,North America,3000
Artificial Intelligence,United States,2008,607,North America,3000
Fintech,United States,2015,987,North America,3000
Internet software & services,United States,2015,313,North America,3000
Health,Finland,2013,148,Europe,3000
Edtech,India,2015,789,Asia,3000
Cybersecurity,United States,2017,395,North America,3000
Internet software & services,United States,2012,496,North America,3000
E-commerce & direct-to-consumer,France,2013,706,Europe,3000
Internet software & services,United States,2013,357,North America,3000
Internet software & services,United States,2015,722,North America,3000
Data management & analytics,United States,2012,407,North America,3000
"Supply chain, logistics, & delivery",United States,2014,818,North America,3000
Internet software & services,United States,2013,248,North America,3000
Data management & analytics,United States,2015,507,North America,3000
Data management & analytics,United States,1999,414,North America,3000
Auto & transportation,China,2014,1000,Asia,3000
Internet software & services,India,2018,543,Asia,3000
E-commerce & direct-to-consumer,India,2015,1000,Asia,3000
Fintech,United States,2016,407,North America,3000
Health,United States,2014,314,North America,3000
Internet software & services,United States,2008,200,North America,3000
Artificial intelligence,United States,2009,417,North America,3000
Mobile & telecommunications,United States,2011,999,North America,3000
Other,United States,2011,880,North America,3000
Auto & transportation,United States,2012,777,North America,3000
Cybersecurity,Israel,2014,583,Asia,3000
Fintech,United States,2016,398,North America,3000
"Supply chain, logistics, & delivery",United States,2015,666,North America,3000
Mobile & telecommunications,Turkey,2019,468,Europe,3000
Cybersecurity,United States,2013,558,North America,3000
Edtech,United States,2015,461,North America,3000
Artificial intelligence,United Kingdom,2016,682,Europe,3000
Edtech,Canada,2015,483,North America,3000
Fintech,Canada,2014,299,North America,3000
Fintech,United States,2016,326,North America,3000
Internet software & services,France,2012,812,Europe,3000
Edtech,India,2010,591,Asia,3000
Health,United States,2014,379,North America,3000
Internet software & services,United States,2014,334,North America,3000
E-commerce & direct-to-consumer,United States,2019,399,North America,3000
E-commerce & direct-to-consumer,United States,2008,698,North America,3000
"Supply chain, logistics, & delivery",United States,2014,483,North America,3000
Fintech,India,2018,600,Asia,3000
Fintech,United States,2012,551,North America,3000
E-commerce & direct-to-consumer,Germany,2021,1000,Europe,3000
Hardware,United States,2016,665,North America,3000
Fintech,United States,2017,628,North America,3000
E-commerce & direct-to-consumer,Germany,2020,1000,Europe,3000
Fintech,United States,2006,475,North America,3000
E-commerce & direct-to-consumer,Brazil,2018,788,South America,3000
E-commerce & direct-to-consumer,Brazil,2011,628,South America,3000
"Supply chain, logistics, & delivery",India,2016,1000,Asia,3000
Internet software & services,United States,2014,722,North America,3000
Internet software & services,United States,2003,360,North America,3000
Edtech,United States,2007,500,North America,3000
Fintech,United States,2017,487,North America,3000
Fintech,United States,2017,1000,North America,3000
Internet software & services,United States,2013,351,North America,3000
Health,United States,2015,523,North America,3000
Fintech,United States,2013,711,North America,3000
Health,United Kingdom,2014,975,Europe,3000
Internet software & services,Germany,2013,333,Europe,3000
Fintech,United States,2008,775,North America,3000
"Supply chain, logistics, & delivery",India,2011,1000,Asia,3000
Auto & transportation,Germany,2013,1000,Europe,3000
Fintech,United States,2016,474,North America,3000
Cybersecurity,United States,2013,525,North America,3000
Internet software & services,United States,2014,535,North America,3000
Fintech,India,2017,393,Asia,3000
Fintech,United States,2017,187,North America,3000
E-commerce & direct-to-consumer,China,2014,612,Asia,3000
Internet software & services,United States,2015,329,North America,3000
Internet software & services,United States,2014,330,North America,3000
Internet software & services,United States,2010,170,North America,3000
Edtech,United States,2015,240,North America,3000
Internet software & services,United States,2014,419,North America,3000
Fintech,United States,2016,496,North America,3000
Internet software & services,United States,2010,427,North America,3000
Internet software & services,Vietnam,2019,311,Asia,3000
E-commerce & direct-to-consumer,China,2012,1000,Asia,3000
Fintech,United States,2011,339,North America,3000
Travel,Indonesia,2012,1000,Asia,3000
Fintech,Germany,2014,919,Europe,3000
Other,Brazil,2011,180,South America,3000
Internet software & services,United States,2017,127,North America,2000
Fintech,China,2015,224,Asia,2000
Fintech,United States,2018,45,North America,2000
Fintech,United Kingdom,2012,477,Europe,2000
Mobile & telecommunications,United States,2010,503,North America,2000
E-commerce & direct-to-consumer,China,1995,946,Asia,2000
Fintech,United States,2000,19,North America,2000
Fintech,China,2014,536,Asia,2000
Edtech,China,2014,188,Asia,2000
E-commerce & direct-to-consumer,China,2015,101,Asia,2000
Auto & transportation,China,2015,1000,Asia,2000
Edtech,China,2015,390,Asia,2000
Artificial intelligence,China,2013,717,Asia,2000
E-commerce & direct-to-consumer,United States,2018,29,North America,2000
Hardware,China,2015,186,Asia,2000
Data management & analytics,China,2010,137,Asia,2000
Fintech,Israel,2015,417,Asia,2000
Fintech,India,2008,634,Asia,2000
Consumer & retail,South Africa,1979,556,Asia,2000
E-commerce & direct-to-consumer,China,2008,216,Asia,2000
Mobile & telecommunications,China,2012,71,Asia,2000
Other,China,2012,594,Asia,2000
Fintech,United Kingdom,1992,696,Europe,2000
Cybersecurity,United States,2015,640,North America,2000
Other,United Kingdom,2012,754,Europe,2000
Mobile & telecommunications,India,2007,221,Asia,2000
Health,Switzerland,2012,340,Europe,2000
Internet software & services,United States,2010,200,North America,2000
E-commerce & direct-to-consumer,Germany,2020,766,Europe,2000
E-commerce & direct-to-consumer,United States,2009,431,North America,2000
Consumer & retail,United Kingdom,2007,233,Europe,2000
Hardware,China,2018,472,Asia,2000
Fintech,United States,2009,861,North America,2000
Health,United States,2007,568,North America,2000
Fintech,United States,2004,320,North America,2000
Internet software & services,United States,2020,181,North America,2000
Internet software & services,United States,2014,381,North America,2000
Fintech,Thailand,2013,150,Asia,2000
Health,United States,2016,150,North America,2000
Internet software & services,United States,2015,289,North America,2000
Fintech,United States,2021,100,North America,2000
Data management & analytics,Norway,2016,225,Europe,2000
Fintech,United States,2017,119,North America,2000
Fintech,United States,2013,719,North America,2000
Internet software & services,Australia,2011,257,Oceania,2000
Data management & analytics,United States,2011,381,North America,2000
"Supply chain, logistics, & delivery",India,2016,435,Asia,2000
Auto & transportation,United Kingdom,2010,828,Europe,2000
Cybersecurity,United States,2010,142,North America,2000
Internet software & services,United States,2008,261,North America,2000
Hardware,France,2014,466,Europe,2000
Internet software & services,United States,2016,245,North America,2000
Data management & analytics,United Kingdom,2011,310,Europe,2000
Artificial intelligence,United States,2013,192,North America,2000
Data management & analytics,United States,2004,211,North America,2000
Hardware,Israel,2018,203,Asia,2000
Artificial Intelligence,Chile,2015,370,South America,2000
E-commerce & direct-to-consumer,Brazil,2015,320,South America,2000
Fintech,United States,2020,217,North America,2000
Internet software & services,United States,2016,253,North America,2000
Cybersecurity,United States,2018,218,North America,2000
Internet software & services,United States,2010,225,North America,2000
Fintech,United States,2012,253,North America,2000
Other,United States,2016,435,North America,2000
Other,Israel,2012,190,Asia,2000
Internet software & services,United States,2009,152,North America,2000
Internet software & services,United States,2019,129,North America,2000
Travel,China,2011,755,Asia,2000
"Supply chain, logistics, & delivery",United States,2016,299,North America,2000
Artificial intelligence,Estonia,2015,177,Europe,2000
E-commerce & direct-to-consumer,United States,2019,225,North America,2000
Internet software & services,United States,2010,331,North America,2000
Fintech,United States,2015,340,North America,2000
Internet software & services,United States,2016,204,North America,2000
Internet software & services,India,2018,376,Asia,2000
Fintech,Argentina,2017,544,South America,2000
Other,China,2013,90,Asia,2000
Auto & transportation,China,2014,125,Asia,2000
Other,United States,2017,419,North America,2000
Artificial intelligence,Bermuda,2006,120,North America,2000
Artificial intelligence,United States,2014,380,North America,2000
Cybersecurity,United States,2013,401,North America,2000
Auto & transportation,China,2015,744,Asia,2000
Fintech,United States,2017,282,North America,2000
Hardware,United States,2013,682,North America,2000
Internet software & services,Canada,2008,386,North America,2000
Artificial Intelligence,United States,2017,151,North America,2000
Cybersecurity,United States,2013,390,North America,2000
"Supply chain, logistics, & delivery",United States,2007,421,North America,2000
Fintech,United States,2012,219,North America,2000
Internet software & services,United States,2013,498,North America,2000
Hardware,United States,2011,325,North America,2000
Fintech,United States,2019,152,North America,2000
Fintech,United States,2012,538,North America,2000
Internet software & services,Australia,2004,222,Oceania,2000
Fintech,Japan,2013,190,Asia,2000
E-commerce & direct-to-consumer,United States,2015,450,North America,2000
Health,United States,2016,255,North America,2000
Health,United States,2014,195,North America,2000
Cybersecurity,United States,2016,139,North America,2000
Fintech,Ireland,2019,236,Europe,2000
Internet software & services,China,2006,445,Asia,2000
Health,United States,2020,298,North America,2000
Other,United States,2017,624,North America,2000
Consumer & retail,United States,2014,266,North America,2000
Internet software & services,Israel,2015,274,Asia,2000
Internet software & services,Spain,2009,902,Europe,2000
Internet software & services,United States,2019,179,North America,2000
Fintech,Germany,2016,403,Europe,2000
E-commerce & direct-to-consumer,South Korea,2009,397,Asia,2000
Fintech,France,2016,364,Europe,2000
Hardware,China,2019,285,Asia,2000
Other,France,2013,517,Europe,2000
E-commerce & direct-to-consumer,Malaysia,2015,577,Asia,2000
Internet software & services,United States,2011,315,North America,2000
E-commerce & direct-to-consumer,India,2018,612,Asia,2000
Health,United States,2013,403,North America,2000
Cybersecurity,United States,2016,358,North America,2000
"Supply chain, logistics, & delivery",United Kingdom,2012,311,Europe,2000
Artificial intelligence,United States,2011,251,North America,2000
Artificial intelligence,United States,2016,195,North America,2000
Consumer & retail,United States,2013,792,North America,2000
Consumer & retail,United States,2007,542,North America,2000
Internet software & services,United States,2014,261,North America,2000
Data management & analytics,United States,2011,237,North America,2000
Fintech,United States,2019,231,North America,2000
E-commerce & direct-to-consumer,France,2009,663,Europe,2000
Fintech,Senegal,2018,200,Africa,2000
Fintech,United States,2015,275,North America,2000
Other,United States,2015,497,North America,2000
Fintech,United States,2014,557,North America,2000
"Supply chain, logistics, & delivery",United States,2013,417,North America,2000
Internet software & services,Belgium,2005,229,Europe,2000
Other,United States,2010,275,North America,2000
Artificial intelligence,United States,2014,218,North America,2000
Fintech,Vietnam,2013,434,Asia,2000
Internet software & services,United States,2012,334,North America,2000
Internet software & services,United States,2013,277,North America,2000
E-commerce & direct-to-consumer,India,2015,509,Asia,2000
Cybersecurity,Canada,2011,474,North America,2000
Consumer & retail,United States,2015,423,North America,2000
Auto & transportation,China,2017,792,Asia,2000
Fintech,Mexico,2014,378,North America,2000
Artificial intelligence,United States,2009,422,North America,2000
Fintech,United States,2015,402,North America,2000
Internet software & services,United States,2011,400,North America,2000
"Supply chain, logistics, & delivery",China,2006,710,Asia,2000
Internet software & services,United States,2012,525,North America,2000
E-commerce & direct-to-consumer,South Korea,2001,287,Asia,2000
Other,Germany,2016,550,Europe,2000
Health,United States,2012,259,North America,2000
Other,United States,2012,351,North America,2000
Internet software & services,United States,2014,172,North America,2000
Artificial intelligence,Israel,2013,305,Asia,2000
Hardware,United States,2016,240,North America,2000
Health,United States,2007,374,North America,2000
Other,United Kingdom,2018,193,Europe,2000
Mobile & telecommunications,China,2005,298,Asia,2000
Fintech,United States,2009,676,North America,2000
Artificial intelligence,China,2012,401,Asia,2000
Fintech,Brazil,2015,345,South America,2000
Internet software & services,United States,2000,96,North America,2000
Auto & transportation,Germany,2011,599,Europe,2000
Fintech,United States,2012,507,North America,2000
Health,United States,2014,295,North America,2000
Fintech,India,2017,301,Asia,2000
Artificial Intelligence,United States,2018,300,North America,2000
Internet software & services,United States,2016,397,North America,2000
E-commerce & direct-to-consumer,India,2010,441,Asia,2000
"Supply chain, logistics, & delivery",Germany,2016,593,Europe,2000
Fintech,United Kingdom,2011,529,Europe,2000
Internet software & services,United States,2011,349,North America,2000
Fintech,United States,2019,268,North America,2000
Internet software & services,United States,2013,507,North America,2000
Artificial intelligence,United States,2016,305,North America,2000
Fintech,United States,2010,450,North America,2000
Fintech,United Kingdom,2016,496,Europe,2000
Fintech,United States,2017,277,North America,2000
Fintech,United States,2015,365,North America,2000
E-commerce & direct-to-consumer,India,2014,371,Asia,2000
Internet software & services,United States,2012,487,North America,2000
Fintech,United Kingdom,2014,791,Europe,2000
E-commerce & direct-to-consumer,France,2019,422,Europe,2000
Artificial intelligence,China,2015,1000,Asia,2000
Internet software & services,Finland,2016,210,Europe,2000
E-commerce & direct-to-consumer,Indonesia,2014,438,Asia,2000
Other,United States,2012,640,North America,2000
Mobile & telecommunications,United States,2011,293,North America,2000
Artificial intelligence,United States,2012,658,North America,2000
Internet software & services,United States,2014,341,North America,2000
Auto & transportation,France,2006,449,Europe,2000
Artificial intelligence,China,2016,115,Asia,2000
Fintech,Netherlands,2013,281,Europe,2000
Consumer & retail,United States,2012,218,North America,2000
Fintech,United States,2017,302,North America,2000
Fintech,Canada,2015,433,North America,2000
Data management & analytics,United States,2021,300,North America,2000
Fintech,Mexico,2012,381,North America,2000
Internet software & services,United States,2011,100,North America,2000
"Supply chain, logistics, & delivery",United States,2017,456,North America,2000
Fintech,United States,2017,370,North America,2000
Data management & analytics,United States,2015,410,North America,2000
Data management & analytics,United States,2007,475,North America,2000
Internet software & services,United States,2010,299,North America,2000
Hardware,France,2015,450,Europe,2000
Hardware,United States,2011,251,North America,2000
Consumer & retail,China,2017,523,Asia,2000
Artificial intelligence,United States,2013,121,North America,2000
E-commerce & direct-to-consumer,China,2013,517,Asia,2000
Internet software & services,United States,2013,342,North America,2000
Internet software & services,United States,2010,550,North America,2000
Cybersecurity,United States,2000,545,North America,2000
Mobile & telecommunications,China,2014,614,Asia,2000
Health,Sweden,2014,569,Europe,2000
"Supply chain, logistics, & delivery",Brazil,2013,507,South America,2000
Internet software & services,United States,2011,315,North America,2000
Fintech,Denmark,2015,448,Europe,2000
Travel,China,2010,503,Asia,2000
Hardware,United States,2010,3000,North America,2000
E-commerce & direct-to-consumer,United States,2018,527,North America,2000
Fintech,United States,2018,183,North America,2000
Internet software & services,United States,2011,192,North America,2000
Fintech,Philippines,2015,475,Asia,2000
Data management & analytics,United States,2007,408,North America,2000
Internet software & services,United States,2014,202,North America,2000
Other,Luxembourg,2012,285,Europe,2000
Fintech,Nigeria,2018,570,Africa,2000
Fintech,United States,2019,566,North America,2000
Artificial intelligence,Japan,2014,147,Asia,2000
Internet software & services,United States,2009,226,North America,2000
Data management & analytics,United States,2011,356,North America,2000
Mobile & telecommunications,Japan,2012,410,Asia,2000
Health,United States,2016,296,North America,2000
Cybersecurity,Israel,2018,161,Asia,2000
Health,United States,2015,296,North America,2000
Travel,Germany,2018,587,Europe,2000
Consumer & retail,Hong Kong,1999,200,Asia,2000
Fintech,United States,2017,365,North America,2000
Artificial intelligence,United States,2016,432,North America,2000
Health,United States,2015,373,North America,2000
Internet software & services,China,2007,768,Asia,2000
E-commerce & direct-to-consumer,China,2015,950,Asia,2000
Artificial intelligence,China,2014,786,Asia,2000
Fintech,United Kingdom,2018,339,Europe,2000
"Supply chain, logistics, & delivery",China,2013,188,Asia,1000
Health,United States,2013,94,North America,1000
Health,South Korea,2000,62,Asia,1000
Data management & analytics,United States,2009,206,North America,1000
Mobile & telecommunications,South Africa,2000,547,Africa,1000
Hardware,China,2010,523,Asia,1000
Fintech,India,2017,227,Asia,1000
Artificial intelligence,China,2014,79,Asia,1000
Health,China,2016,214,Asia,1000
Auto & transportation,Sweden,2016,151,Europe,1000
Health,United States,2020,700,North America,1000
E-commerce & direct-to-consumer,United States,2015,231,North America,1000
Auto & transportation,United States,2016,2000,North America,1000
Internet software & services,United States,2010,211,North America,1000
Artificial intelligence,United States,2015,310,North America,1000
E-commerce & direct-to-consumer,China,2009,139,Asia,1000
Fintech,China,2015,227,Asia,1000
Edtech,China,2001,223,Asia,1000
Fintech,China,2016,249,Asia,1000
Edtech,China,1998,315,Asia,1000
Fintech,China,2013,131,Asia,1000
"Supply chain, logistics, & delivery",China,2011,281,Asia,1000
Internet software & services,United States,2012,143,North America,1000
"Supply chain, logistics, & delivery",China,2010,229,Asia,1000
"Supply chain, logistics, & delivery",China,2014,650,Asia,1000
Other,Colombia,2011,344,South America,1000
Fintech,India,2009,249,Asia,1000
Health,United States,2010,394,North America,1000
Other,France,1999,1000,Europe,1000
Internet software & services,United States,2011,163,North America,1000
Edtech,China,2017,268,Asia,1000
Internet software & services,China,2011,164,Asia,1000
Auto & transportation,United States,2007,329,North America,1000
Artificial Intelligence,China,2017,211,Asia,1000
Health,China,2015,43,Asia,1000
E-commerce & direct-to-consumer,India,2008,2000,Asia,1000
Fintech,United Kingdom,2011,1000,Europe,1000
Mobile & telecommunications,China,2013,310,Asia,1000
Artificial Intelligence,China,2016,171,Asia,1000
"Supply chain, logistics, & delivery",China,2016,154,Asia,1000
Health,China,2015,188,Asia,1000
Artificial intelligence,United States,2011,352,North America,1000
Cybersecurity,United States,2000,174,North America,1000
Mobile & telecommunications,China,2009,369,Asia,1000
Fintech,China,2016,230,Asia,1000
Internet software & services,China,2013,307,Asia,1000
Internet software & services,China,2015,149,Asia,1000
"Supply chain, logistics, & delivery",China,2005,800,Asia,1000
"Supply chain, logistics, & delivery",China,2015,554,Asia,1000
E-commerce & direct-to-consumer,China,2017,658,Asia,1000
Other,France,2011,393,Europe,1000
Auto & transportation,China,2016,2000,Asia,1000
E-commerce & direct-to-consumer,China,2015,947,Asia,1000
Auto & transportation,China,2016,394,Asia,1000
Consumer & retail,United States,2011,440,North America,1000
Fintech,United States,2014,660,North America,1000
Fintech,United States,2015,160,North America,1000
Internet software & services,China,2002,388,Asia,1000
Fintech,Israel,2001,98,Asia,1000
Internet software & services,China,2011,235,Asia,1000
Cybersecurity,United States,2019,632,North America,1000
Mobile & telecommunications,China,2014,116,Asia,1000
Fintech,United States,2018,910,North America,1000
Health,India,2016,665,Asia,1000
Data management & analytics,China,2015,267,Asia,1000
E-commerce & direct-to-consumer,United States,2017,294,North America,1000
E-commerce & direct-to-consumer,China,2008,96,Asia,1000
Health,United States,2016,271,North America,1000
E-commerce & direct-to-consumer,China,2009,650,Asia,1000
Fintech,France,2015,314,Europe,1000
Fintech,United States,2018,236,North America,1000
Travel,China,2012,572,Asia,1000
Consumer & retail,China,2014,511,Asia,1000
"Supply chain, logistics, & delivery",China,2015,207,Asia,1000
Auto & transportation,China,2016,362,Asia,1000
Cybersecurity,United States,2019,228,North America,1000
Hardware,China,2006,218,Asia,1000
E-commerce & direct-to-consumer,United Kingdom,2012,262,Europe,1000
Fintech,United States,2015,323,North America,1000
Internet software & services,China,2015,432,Asia,1000
Health,United States,2014,183,North America,1000
Mobile & telecommunications,United States,2015,303,North America,1000
E-commerce & direct-to-consumer,United States,2015,181,North America,1000
Auto & transportation,Spain,2011,407,Europe,1000
Health,United States,2015,328,North America,1000
Internet software & services,United States,2014,240,North America,1000
Internet software & services,France,2007,532,Europe,1000
Edtech,United States,2012,318,North America,1000
Fintech,Belgium,2018,237,Europe,1000
Internet software & services,United States,2013,170,North America,1000
Internet software & services,Sweden,2009,509,Europe,1000
Internet software & services,Canada,2018,165,North America,1000
Data management & analytics,Israel,2019,264,Asia,1000
Other,India,1984,456,Asia,1000
Internet software & services,United States,2011,384,North America,1000
Internet software & services,United States,2007,169,North America,1000
E-commerce & direct-to-consumer,China,2010,368,Asia,1000
Cybersecurity,United States,2018,141,North America,1000
Health,United States,2016,241,North America,1000
Health,India,2018,177,Asia,1000
E-commerce & direct-to-consumer,India,2011,521,Asia,1000
Cybersecurity,United States,2016,271,North America,1000
Fintech,Germany,2014,314,Europe,1000
Artificial intelligence,United States,2013,286,North America,1000
Fintech,United States,2015,426,North America,1000
Fintech,United States,2014,511,North America,1000
Mobile & telecommunications,United Kingdom,2017,202,Europe,1000
Internet software & services,United States,2014,382,North America,1000
Mobile & telecommunications,China,2021,151,Asia,1000
Internet software & services,United States,2011,436,North America,1000
Fintech,Brazil,2016,720,South America,1000
Fintech,United States,2015,156,North America,1000
Other,United States,2018,287,North America,1000
Travel,Hong Kong,2014,722,Asia,1000
Health,China,2015,496,Asia,1000
Fintech,United States,2011,390,North America,1000
E-commerce & direct-to-consumer,United Kingdom,2017,276,Europe,1000
E-commerce & direct-to-consumer,South Korea,2008,178,Asia,1000
Health,United States,2010,115,North America,1000
Other,South Korea,2003,67,Asia,1000
E-commerce & direct-to-consumer,United States,2016,475,North America,1000
Cybersecurity,China,2013,252,Asia,1000
Artificial intelligence,China,2012,361,Asia,1000
Fintech,United States,2010,335,North America,1000
Other,United States,2010,738,North America,1000
Fintech,United States,2017,102,North America,1000
Internet software & services,United States,2012,130,North America,1000
"Supply chain, logistics, & delivery",United States,2015,399,North America,1000
Health,Israel,1999,633,Asia,1000
Internet software & services,United States,2020,215,North America,1000
Fintech,United States,2018,128,North America,1000
Fintech,Mexico,2013,378,North America,1000
Internet software & services,Australia,2016,166,Oceania,1000
"Supply chain, logistics, & delivery",United States,2014,336,North America,1000
Fintech,United States,2014,201,North America,1000
Other,China,2015,10,Asia,1000
Other,United States,2015,610,North America,1000
Travel,Spain,2015,408,Europe,1000
Data management & analytics,United States,2016,291,North America,1000
Internet software & services,United States,2011,241,North America,1000
Other,United Kingdom,2009,324,Europe,1000
Cybersecurity,United States,2015,246,North America,1000
Fintech,United States,2014,165,North America,1000
Internet software & services,Ireland,2015,157,Europe,1000
Internet software & services,United States,2014,325,North America,1000
Cybersecurity,United States,2015,257,North America,1000
Internet software & services,China,2014,594,Asia,1000
Fintech,United Kingdom,2017,116,Europe,1000
Internet software & services,United States,2018,260,North America,1000
"Supply chain, logistics, & delivery",United States,2018,482,North America,1000
Internet software & services,United States,2016,148,North America,1000
Other,Canada,2020,45,North America,1000
Mobile & telecommunications,China,2016,14,Asia,1000
Internet software & services,Turkey,2012,167,Europe,1000
Other,Japan,2007,520,Asia,1000
Artificial intelligence,Canada,2016,191,North America,1000
Fintech,United States,2018,111,North America,1000
Internet software & services,United States,2012,192,North America,1000
Artificial intelligence,United States,2012,317,North America,1000
E-commerce & direct-to-consumer,India,2008,448,Asia,1000
Data management & analytics,United States,2013,271,North America,1000
Fintech,United States,2016,189,North America,1000
Fintech,United States,2013,230,North America,1000
Internet software & services,United States,2017,148,North America,1000
E-commerce & direct-to-consumer,United States,2013,382,North America,1000
Internet software & services,United States,2013,365,North America,1000
Other,United States,2016,337,North America,1000
E-commerce & direct-to-consumer,United States,2021,430,North America,1000
E-commerce & direct-to-consumer,India,2015,427,Asia,1000
E-commerce & direct-to-consumer,Mexico,2020,345,North America,1000
Internet software & services,United States,2012,281,North America,1000
E-commerce & direct-to-consumer,India,2015,310,Asia,1000
E-commerce & direct-to-consumer,Norway,2013,337,Europe,1000
Internet software & services,United States,2018,124,North America,1000
Fintech,United States,2021,118,North America,1000
Fintech,United States,2016,161,North America,1000
Health,United States,2019,315,North America,1000
Fintech,United States,2008,309,North America,1000
Data management & analytics,United States,2012,347,North America,1000
"Supply chain, logistics, & delivery",Czech Republic,2019,380,Europe,1000
Internet software & services,United States,2017,189,North America,1000
Artificial Intelligence,China,2019,300,Asia,1000
Internet software & services,United States,2008,264,North America,1000
Edtech,India,2015,194,Asia,1000
Internet software & services,Ireland,1999,9,Europe,1000
"Supply chain, logistics, & delivery",India,2012,573,Asia,1000
Consumer & retail,South Korea,2009,33,Asia,1000
Artificial intelligence,China,2014,787,Asia,1000
Edtech,China,2012,144,Asia,1000
Internet software & services,United States,2017,197,North America,1000
Health,United States,2017,167,North America,1000
Auto & transportation,China,2011,875,Asia,1000
Data management & analytics,United States,2010,236,North America,1000
Health,United States,2019,323,North America,1000
Fintech,United States,2015,339,North America,1000
Fintech,United States,2009,192,North America,1000
Artificial intelligence,United States,2019,150,North America,1000
"Supply chain, logistics, & delivery",United States,2015,205,North America,1000
Fintech,United States,2016,292,North America,1000
Fintech,China,2014,396,Asia,1000
Fintech,India,2016,458,Asia,1000
Internet software & services,India,2019,193,Asia,1000
Cybersecurity,United States,2019,205,North America,1000
Other,United States,2019,140,North America,1000
Fintech,India,2017,109,Asia,1000
E-commerce & direct-to-consumer,United States,2014,120,North America,1000
Internet software & services,Germany,2017,304,Europe,1000
Cybersecurity,Canada,2001,186,North America,1000
Other,United States,2014,172,North America,1000
Fintech,United States,2013,404,North America,1000
Internet software & services,United States,2012,258,North America,1000
Hardware,China,2013,325,Asia,1000
Travel,Germany,2009,656,Europe,1000
E-commerce & direct-to-consumer,India,2021,185,Asia,1000
Fintech,United States,2000,134,North America,1000
E-commerce & direct-to-consumer,China,2012,136,Asia,1000
Internet software & services,United States,2014,169,North America,1000
Edtech,India,2012,166,Asia,1000
Data management & analytics,Switzerland,2004,346,Europe,1000
Internet software & services,United States,2017,200,North America,1000
E-commerce & direct-to-consumer,United States,2010,433,North America,1000
Health,United States,2017,130,North America,1000
"Supply chain, logistics, & delivery",Germany,2015,340,Europe,1000
Data management & analytics,United States,2004,274,North America,1000
Internet software & services,Germany,2014,307,Europe,1000
Fintech,United States,2016,210,North America,1000
Mobile & telecommunications,United States,2009,361,North America,1000
Fintech,United Kingdom,2018,90,Europe,1000
Fintech,United Kingdom,2016,202,Europe,1000
Internet software & services,China,2015,53,Asia,1000
E-commerce & direct-to-consumer,India,2016,111,Asia,1000
Fintech,United Kingdom,1990,200,Europe,1000
"Supply chain, logistics, & delivery",India,2014,247,Asia,1000
Other,United States,2008,223,North America,1000
Auto & transportation,South Korea,2012,408,Asia,1000
Fintech,United States,2018,107,North America,1000
Hardware,United States,2014,217,North America,1000
Data management & analytics,United States,2015,132,North America,1000
E-commerce & direct-to-consumer,China,2009,250,Asia,1000
Internet software & services,United States,2009,277,North America,1000
Mobile & telecommunications,United States,2013,221,North America,1000
Artificial intelligence,Israel,2010,86,Asia,1000
Auto & transportation,China,2015,1000,Asia,1000
Hardware,China,2014,86,Asia,1000
Internet software & services,China,2014,300,Asia,1000
Hardware,Germany,2018,240,Europe,1000
Artificial intelligence,China,2017,273,Asia,1000
Internet software & services,United States,2014,226,North America,1000
Fintech,Indonesia,2018,245,Asia,1000
Health,United States,2015,524,North America,1000
Internet software & services,India,2008,240,Asia,1000
Fintech,United States,2019,243,North America,1000
Artificial intelligence,United States,2016,187,North America,1000
Artificial Intelligence,United States,2019,160,North America,1000
Internet software & services,United States,2021,200,North America,1000
Cybersecurity,Israel,2015,265,Asia,1000
"Supply chain, logistics, & delivery",Canada,2010,534,North America,1000
Artificial intelligence,United States,2011,294,North America,1000
Internet software & services,Canada,2020,64,North America,1000
Other,United States,2016,150,North America,1000
Auto & transportation,China,2015,697,Asia,1000
E-commerce & direct-to-consumer,China,2011,224,Asia,1000
Artificial intelligence,United Kingdom,2013,292,Europe,1000
E-commerce & direct-to-consumer,Germany,2005,800,Europe,1000
Artificial intelligence,Chile,2018,205,South America,1000
Hardware,Netherlands,2011,170,Europe,1000
"Supply chain, logistics, & delivery",India,2015,352,Asia,1000
Artificial intelligence,United States,2013,238,North America,1000
Cybersecurity,United States,2017,526,North America,1000
Other,United States,2014,241,North America,1000
"Supply chain, logistics, & delivery",Israel,2013,185,Asia,1000
Fintech,United States,2008,538,North America,1000
Health,United States,2020,141,North America,1000
Fintech,United States,2009,406,North America,1000
Internet software & services,United States,2016,165,North America,1000
Health,United States,2016,570,North America,1000
"Supply chain, logistics, & delivery",Brazil,2015,390,South America,1000
Cybersecurity,United States,2014,182,North America,1000
Data management & analytics,United States,2019,254,North America,1000
Fintech,Mexico,2020,109,North America,1000
Fintech,United States,2016,305,North America,1000
Artificial Intelligence,United States,2012,196,North America,1000
Cybersecurity,United States,2014,269,North America,1000
Internet software & services,India,2015,107,Asia,1000
Health,France,2014,232,Europe,1000
E-commerce & direct-to-consumer,China,2012,549,Asia,1000
Cybersecurity,United States,2020,128,North America,1000
Internet software & services,Israel,2015,325,Asia,1000
Data management & analytics,Norway,2018,79,Europe,1000
Health,China,2000,682,Asia,1000
Fintech,Brazil,2012,460,South America,1000
Hardware,China,2017,105,Asia,1000
Cybersecurity,United States,2016,209,North America,1000
Other,United Arab Emirates,2015,279,Asia,1000
Fintech,United States,2015,145,North America,1000
Health,United States,2012,259,North America,1000
Cybersecurity,United States,2016,258,North America,1000
"Supply chain, logistics, & delivery",United States,2015,294,North America,1000
Artificial intelligence,United States,2009,277,North America,1000
Internet software & services,United States,2012,299,North America,1000
Health,China,2019,391,Asia,1000
Fintech,United States,2011,314,North America,1000
"Supply chain, logistics, & delivery",Thailand,2017,350,Asia,1000
"Supply chain, logistics, & delivery",China,2014,359,Asia,1000
Data management & analytics,India,2000,685,Asia,1000
Fintech,Canada,2004,156,North America,1000
Mobile & telecommunications,China,2011,283,Asia,1000
Fintech,United States,2018,45,North America,1000
Hardware,China,2015,439,Asia,1000
E-commerce & direct-to-consumer,Norway,2007,269,Europe,1000
Fintech,United States,2012,152,North America,1000
Internet software & services,Australia,2015,284,Oceania,1000
Artificial intelligence,United States,2016,362,North America,1000
Artificial intelligence,Israel,2017,221,Asia,1000
Artificial Intelligence,China,2019,157,Asia,1000
Internet software & services,India,2017,137,Asia,1000
Consumer & retail,China,2020,100,Asia,1000
E-commerce & direct-to-consumer,United States,2017,800,North America,1000
Mobile & telecommunications,Finland,2016,330,Europe,1000
E-commerce & direct-to-consumer,Netherlands,2011,127,Europe,1000
Edtech,China,2010,302,Asia,1000
Fintech,United States,2015,337,North America,1000
Fintech,United States,2011,93,North America,1000
Artificial intelligence,China,2015,200,Asia,1000
"Supply chain, logistics, & delivery",Brazil,2011,592,South America,1000
Other,Germany,2013,600,Europe,1000
Mobile & telecommunications,Croatia,2006,200,Europe,1000
Fintech,United States,2018,17,North America,1000
Artificial intelligence,China,2014,173,Asia,1000
Fintech,United States,2005,135,North America,1000
Edtech,Israel,2011,92,Asia,1000
"Supply chain, logistics, & delivery",United Arab Emirates,2018,504,Asia,1000
Edtech,China,2014,306,Asia,1000
Consumer & retail,Indonesia,2017,333,Asia,1000
E-commerce & direct-to-consumer,China,2011,130,Asia,1000
Internet software & services,United States,2021,143,North America,1000
Internet software & services,United States,2019,205,North America,1000
Health,Ireland,2015,263,Europe,1000
E-commerce & direct-to-consumer,India,2015,489,Asia,1000
Health,China,2014,253,Asia,1000
Hardware,United States,2014,299,North America,1000
Cybersecurity,United States,2007,282,North America,1000
Fintech,France,2011,263,Europe,1000
E-commerce & direct-to-consumer,Brazil,2009,336,South America,1000
Mobile & telecommunications,China,2013,300,Asia,1000
Health,United States,2017,265,North America,1000
Fintech,United States,2017,110,North America,1000
Health,United States,2014,202,North America,1000
Internet software & services,United States,2007,325,North America,1000
Artificial intelligence,France,2016,293,Europe,1000
Other,India,2021,218,Asia,1000
E-commerce & direct-to-consumer,China,2011,232,Asia,1000
Data management & analytics,United States,2014,126,North America,1000
Consumer & retail,China,2012,252,Asia,1000
Internet software & services,China,2015,144,Asia,1000
Artificial intelligence,China,2016,1000,Asia,1000
Internet software & services,United States,2014,91,North America,1000
Mobile & telecommunications,Brazil,1998,588,South America,1000
Internet software & services,United States,2015,174,North America,1000
Other,United States,2012,463,North America,1000
E-commerce & direct-to-consumer,China,2016,655,Asia,1000
Internet software & services,United States,2015,151,North America,1000
Internet software & services,United States,2013,172,North America,1000
Internet software & services,India,2014,424,Asia,1000
Cybersecurity,United States,2020,220,North America,1000
Fintech,Switzerland,1999,105,Europe,1000
Health,United States,2011,449,North America,1000
Travel,Germany,2013,396,Europe,1000
Internet software & services,United States,2012,223,North America,1000
Hardware,China,2013,200,Asia,1000
Health,United States,2016,192,North America,1000
Fintech,United States,2017,252,North America,1000
Artificial Intelligence,United States,2016,254,North America,1000
Internet software & services,United States,2016,51,North America,1000
Consumer & retail,United States,2016,60,North America,1000
Fintech,United Kingdom,2018,239,Europe,1000
Cybersecurity,Israel,2015,190,Asia,1000
E-commerce & direct-to-consumer,Australia,2011,125,Oceania,1000
Mobile & telecommunications,United States,2011,195,North America,1000
Internet software & services,United States,2020,100,North America,1000
Artificial intelligence,United States,2016,166,North America,1000
Other,Japan,2020,140,Asia,1000
Fintech,United Kingdom,2006,370,Europe,1000
Other,United States,2016,130,North America,1000
Data management & analytics,United States,2015,226,North America,1000
Edtech,United States,2005,62,North America,1000
Internet software & services,United States,2015,273,North America,1000
Consumer & retail,Germany,2020,167,Europe,1000
Other,United States,2000,250,North America,1000
"Supply chain, logistics, & delivery",United States,2015,2000,North America,1000
Cybersecurity,United States,2007,330,North America,1000
Other,Philippines,2015,15,Asia,1000
Consumer & retail,United States,2016,484,North America,1000
Fintech,United Kingdom,2019,1000,Europe,1000
E-commerce & direct-to-consumer,United States,2018,310,North America,1000
Fintech,Italy,2019,416,Europe,1000
"Supply chain, logistics, & delivery",Switzerland,2009,273,Europe,1000
Other,United States,2011,127,North America,1000
Artificial intelligence,United States,2015,328,North America,1000
Artificial intelligence,France,2014,545,Europe,1000
"Supply chain, logistics, & delivery",United States,2014,331,North America,1000
"Supply chain, logistics, & delivery",United States,2013,154,North America,1000
Fintech,United States,2018,163,North America,1000
Artificial intelligence,United States,2011,157,North America,1000
"Supply chain, logistics, & delivery",United States,2014,340,North America,1000
Fintech,India,2015,249,Asia,1000
Fintech,United States,2012,161,North America,1000
Internet software & services,United States,2003,255,North America,1000
Internet software & services,United States,2006,371,North America,1000
Artificial intelligence,United States,2019,135,North America,1000
Internet software & services,United States,2017,172,North America,1000
Artificial intelligence,United States,2005,215,North America,1000
Internet software & services,United States,2006,114,North America,1000
Artificial intelligence,United States,2017,239,North America,1000
Cybersecurity,United States,2020,126,North America,1000
Fintech,France,2016,326,Europe,1000
Mobile & telecommunications,United States,2009,376,North America,1000
E-commerce & direct-to-consumer,United States,2010,336,North America,1000
Artificial intelligence,Canada,2016,235,North America,1000
Hardware,China,2015,623,Asia,1000
Internet software & services,China,2015,151,Asia,1000
E-commerce & direct-to-consumer,United States,2012,257,North America,1000
Health,United States,1993,210,North America,1000
Fintech,United Kingdom,2014,403,Europe,1000
Internet software & services,United States,2015,181,North America,1000
Artificial intelligence,United Kingdom,2014,120,Europe,1000
Fintech,United States,2011,51,North America,1000
Health,United States,2014,156,North America,1000
Fintech,United Kingdom,2016,271,Europe,1000
Artificial intelligence,Brazil,2007,237,South America,1000
Internet software & services,United States,2009,163,North America,1000
Edtech,India,2014,292,Asia,1000
Internet software & services,United States,2008,585,North America,1000
Fintech,United States,2016,128,North America,1000
Internet software & services,Canada,2010,217,North America,1000
Travel,Sweden,2018,516,Europe,1000
Internet software & services,United States,2011,308,North America,1000
Internet software & services,United States,2012,187,North America,1000
Internet software & services,United States,2019,70,North America,1000
Internet software & services,United States,2017,200,North America,1000
E-commerce & direct-to-consumer,China,2009,330,Asia,1000
Fintech,United States,2018,131,North America,1000
Fintech,Indonesia,2014,215,Asia,1000
Internet software & services,China,2015,200,Asia,1000
"Supply chain, logistics, & delivery",China,1997,182,Asia,1000
Internet software & services,United States,2008,492,North America,1000
Edtech,China,2011,389,Asia,1000
E-commerce & direct-to-consumer,China,2012,379,Asia,1000
E-commerce & direct-to-consumer,China,2015,990,Asia,1000
Consumer & retail,China,2018,80,Asia,1000
Fintech,United Kingdom,2005,792,Europe,1000
E-commerce & direct-to-consumer,United States,2014,620,North America,1000
